AbstractClass,AbstractFactory,Abstraction,ActivityDiagram,AcyclicDependency,AcyclicGraph,AfferentCoupling,aggregatefunctions,Aggregation
AgileDevelopment,Ajax,AlgorithmComplexity,AmazonAWS,AngularJS,annotations,AnonymousInnerClass,Ant,AntTasks,antrunmavenplugin,AOP
ApacheCommonsCollections,appinstances,appinstances,appmaster,appperformance,Append,appenginearchetype,appenginearchitecture,appengineconsole
appenginedeveloper,appenginedevserver,appengineeclipseplugin,appenginemavenplugin,appenginemavenplugin,appengineowner,appengineroles
appengineruntime,appenginesdk,appengineservices,appenginetaskqueuetest,appengineunittest,appengineviewer,appengine-api-stubs
appengine-api-stubs,appengine-maven-plugin,appengine-skeleton-archetype,appengine-testing,appengine-testing,Appletviewer,Appletviewer,archetypemavenplugin
ArchitecturePatterns,Array,ArrayList,AspectOrientedProgramming,Assert,Association,associations,associationsandjoins,AtomicInteger,AtomicLong
AtomicTypes,Attribute,auditmapping,Authentication,authentication,Authorization,Autoboxing,automaticgenerator,automaticscaling,B-Tree,B+Tree
BagBasicJDKTools,basicscaling,BeanManagedPersistence,BehaviorDiagram,BestPractices,bi-directionalassociation,Big-ONotation,billablelimits
BinarySearch,BinarySearch,BinarySearchTree,BindingCompiler,BitArray,BlackBoxTesting,BlackboxTesting,Blocked,BloomFilter,branches,BubbleSort
BugTracking,BugTracking,Bugfix,Bugzilla,Build,BuildandDeployment,BuildFile,BuildLifecycle,BuildPhases,BuildProfiles,buildprofiles,BuildTools
Builder,bulkoperations,Bytecode,CHeader,Generator,C++,C++,C++,C++STL,C3PO,CachedThreadPool,caching,central,Class,Class,ClassDiagram
ClassFile,ClassLevelLock,Classpath,Clojure,loudComputing,CodeComments,CodingConventions,Cohesion,collections,Collision,columntypes,Comments
commit,CommonClosure,CommonCoupling,CommonReuse,CommunicationDiagram,Comparable,Comparator,comparediff,Compile,compile,compilemavenplugin
CompileTimeDependency,Compiler,CompilerPlugin,ComponentDiagram,compositeidentity,CompositeStructureDiagram,Composition,Concurrency
ConcurrentMarkSweepGC,ConcurrentRandomNumbers,conflict,conflictresolve,ConnectionPool,connectionpool,Constant,Constructor,Constructor,Container
ContainerManagedPersistence,ContainerManagedPersistence,ContainerManagedSignon,ContainerManagedTransaction,ContainerManagedTransaction
ContentCoupling,Contention,ContinuousIntegration,ControlCoupling,CORBA,createmavenproject,CryptographicHash,CuckooHash,customdatatype,CVS
CyclicGraph,Daemon,DaemonThread,DataAccess,DataCoupling,DataStructures,Database,DatabaseConnection,DatabaseIndex,datastore,DBCP,Deadlock
Debugger,Decorator,deferredtasktest,DegreeofCoupling,Delete,DependencyInjection,DependencyInversion,DependencyManagement,Dependency,Metrics
Dependency,Scope,deploy,DeploymentDescriptor,DeploymentDiagram,Deprecation,Dequeue,Deserialization,DesignByContract,DesignGuidelines,DesignPattern
DesignPrinciples,developers,DevOps,devserver,Dictionaries,DirectedAcyclicGraph,Disassembler,Distribution,Document,Documentation,DoubleHashing
DoubleLinkedList,DTD,DurableSubscriber,DynaminCollection,E-Commerce,Ear,Eclipse,EfferentCoupling,EJBContainer,EJBContext,EJBQL,EJBs,ElasticCapacity
Element,Encapsulation,encryptedcolumn,endpoints-skeleton-archetype,EntityBeans,Enum,Enumerator,Equals,Erlang,ESB,Estimation,Exception,ExceptionHandler
Exponential,ExtremeProgramming,f1instance,f2instance,f4instance,f4_1ginstance,FactoryMethod,fetchbatch,fetchjoin,fetchselect,fetchsubselect
fetchtype,Fields,Final,Finalizer,Finalizer,Finally,FixedThreadPool,Force.com,FourthGenerationLanguage,Framework,freequotas,frontendinstanceclass
frontendinstanceclass,frontendserver,FunctionalProgramming,GAESDKPlugin,GangOfFour,GarbageCollector,Generalization,Generalization
Generational,Garbage,Collector,Generics,Git,git,gitblame,gitbranch,gitcheckout,gitclone,gitcommit,gitcreate,gitmerge,gitorigin,gitprocess
gitpull,gitpush,gitrebase,gitrepository,gitreset,gitrevert,gittag,github,Gmail,Go,Go,Go,goruntime,goals,googleappengine,googleblobstore
googlecloudsql,googlecloudstorage,GoogleGuavaCollections,googlepaas,Governance,Graph,GraphDatabase,Groovy,Groovy,groupby,guestbook-archetype
HardReference,HashCode,HashSet,HashSet,HashMap,Hashtable,Haskell,hbm.xml,hbm2ddl,hbm2java,Heap,Heap,HeapDump,HeapSpace,hello-endpoints-archetype
hi-logenerator,Hibernate,hibernateapi,ibernateconfiguration,hibernatecriteria,hibernatedatabases,hibernatedetach,hibernatedialect
hibernateenvers,hibernate,events,hibernateidentity,hibernatemapping,hibernatemerge,hibernatenosessionissue,hibernatequery,hibernatesave
hibernatesession,hibernatesessionfactory,hibernatetools,highreplicationdatastoretest,HomeInterface,HopscotchHash,HorizontalScaling,Hotfix
HotSpotJVM,HQL,HTML,HTTP,HTTPS,IaaS,IBM,J9,IDE,Identity,identitycolumn,IDL,idleinstances,Idlj,IgnoredTestCase,IIOP,images,Immutable
ImmutableObjects,impedance,mismatch,ImperativeProgramming,index,Inheritance,Inheritance,Inheritance,InnerClass,Insert,Insert,Instability,install
Instance,instance,scaling,instancestates,IntellijIdea,InteractionDiagram,Interface,Interface,Interface,InterfaceSegregation,InterpretedJVMLanguages
Interpreter,Interrupt,IntrinsicLock,iPlanet,IssueTracking,Iterate,Iterator,J2EE,J2EEApplication,J2EEServer,Jacl,mJacl,Jar,JarSignature
Jarsigner,Java,JavaApplets,JavaArchive,JavaClasses,JavaCollectionsFramework,JavaHeapDumpBrowser,JavaPolicyFiles,JavaProcessStatus
javaruntime,javaruntime,JavaWebApplicationDevelopment,JavaWebStart,Javac,Javac,Javadoc,Javadoc,javadocmavenplugin,Javah,Javah,Javap
Javap,Javascript,JavaScript,Javascript,Javascript,Javaws,Javaws,JAX-WS,JAXB,JBOSS,JConsole,Jdb,Jdb,JDBC,JDK,JDKSecurityTools,DKTools
JetJava,java,Java,Javaty,Jhat,Jira,JITCompiler,Jmap,Jmap,JMS,JMX,JNDI,JNI,Join,Join,JPA,JPA,JPA,jpaannotations,JPDA,Jps,Jps,jQuery,JRE
JRockit,JRuby,JRuby,JSF,JSP,JSP,Jstack,Jstack,Jstat,Jstat,JstatD,JstatD,JstatD,JTA,Junit,JUNIT,JVM,JVM,JVMJstatDaemon,JVMLanguages,JVMLanguages
JVMStatisticsJython,Jython,Keygen,Keystore,khanacademy,lazyloading,level1cache,level2cache,Libraries,LicencePlugin,LightweightProcess
Linear,LinearProbing,LinearSearch,LinkedList,LiskovSubstituionPrinciple,Lisp,List,listcollection,LOBcolumn,local,localgitrepository,Lock
LockObjects,Logarithmic,LogicProgramming,LogicProgramming,LooseCoupling,mail,mailinglist,ManagedOperations,ManagementAutomation
ManifestFile,manual,scaling,many-to-many,many-to-one,Map,MarkupLanguage,MarkupLanguage,MarkupLanguage,MarkupLanguage,Maven,Maven,MavenJunitPlugin
MavenPlugins,Maven,Repository,memcache,memcacheappenginetest,Memory,MemoryConsistencyErrors,MemoryManagement,MemoryManagement,MemoryMap
Mercurial,Mercury,merge,MergeSort,MessageDrivenBeans,MessageDrivenBeans,Messaging,Metering,Methods,Metrics,Modeling,Modeling,Modifier,Modifier
MonitoringTools,Monitoring,Tools,MultiProcessing,MultiTasking,MultiDimensionalArray,MultidimensionalCollection,MultiMap,MultiSet,MultiThreading
Mutable,Mutex,MVC,NLogN,N+1queryproblem,NativeProgramming,NaturalSortOrder,Netbeans,NightlyBuilds,Normalization,Notify,NUNIT,OAuth,Object
Object,objectcache,ObjectDiagram,ObjectOrientationConcepts,ObjectOrientedDesign,OldGeneration,one-to-many,one-to-one,OpenClosePrinciple,OpenSourceComponents
OpenJDK,Operations,on,Collections,ORB,orbd,orbd,orderby,orderbyclause,OrderedCollection,ORM,ORM,orm,orminheritance,OutOfMemoryError
OutOfMemoryError,PaaS,package,PackageCohesionPrinciple,PackageCouplingPrinciple,PackageDiagram,pagespeed,ParallelGC,ParameterizedTest
Parameters,Parameters,Parameters,PassByReference,PassByReference,PassByValue,Patch,PayPerUse,Peek,Peek,Peek,pendinglatency,PerfectHashFunction
PermanentGeneration,PermGenSpace,PermGenSpace,persistentobjects,PHP,PHP,PHP,phpruntime,PipesandFilter,plugins,Pointer,Policytool,Polylogarithmic
polymorphicqueries,Polymorphism,Polymorphism,Polynomial,POM,POM,Pop,Pop,Pop,preparePrimitiveTypes,PrimitiveTypes,PrimitiveTypes,PriorityQueue,Private
ProgramminginJava,ProgrammingLanguage,ProgrammingParadigm,projectdependencies,ProjectObjectModel,projectversion,Prolog,Properties,PropertyGraph,Protected
ProvidedDependency,Provisioning,Proxy,PubSub,Public,Publisher,Push,Push,Push,Python,Python,Python,pythonruntime,Quadratic,QuadraticProbing,QualityEngineering
query,querycache,Queue,Queue,QuickSort,Quota,quotasandlimits,RaceConditionRackspace,RadixTree,Realization,Receiver,Refactoring,Reference,RegressionTesting
RegressionTesting,Relationships,ReleaseManagement,releases,remote,remotegitrepository,RemoteInterface,RemoteObjectRegistry,RemoteProcedureCall,Remove
Reporting,Repository,REST,Return,Reuse/Release,Equivalence,Rhino,Rhino,RMI,RMIDaemon,RMITools,Rmic,Rmic,Rmic,Rmid,Rmid,Rmiregistry,rollback,rollback,rovio
row,value,constructor,Ruby,Ruby,Ruby,Runnable,Runnable,State,SaaS,safetylimits,Salesforce.com,Salesforce.com,Sar,Sar,Scala,Scala,ScaleOut,ScaleUp,ScheduledThreadPool
SchemaGenerator,Schema,Generator,Schemagen,Schemagen,schemalessdatastore,Scheme,SCM,Scrum,SDLC,Search,SearchAlgorithms,Security,SecurityCertificate,Select
SelectionSort,SelfBalancingBinarySearchTree,SelfServiceProvisioning,Semaphore,Sender,SequenceDiagram,sequencegenerator,Sequences,SerialGC,Serializable
Serialization,Serialver,Serialver,SerialVersionUID,servertool,servertool,servertool,Servlet,Servlet,ServletContainer,SessionBeans,sessionclose,SessionFacadeDesignPattern
SessionFacadeDesignPattern,sessionflush,sessioninview,sessionopen,Set,setcollection,SharedMemory,show_sql,shutdown,Simplicity,SingleDimensionalArray,SingleResponsibility
singletableinheritance,SingleThreadExecutor,Singleton,site,site-deploy,SkeletonClass,snapchat,SOA,SOAP,SoftReference,SoftwareBug,SoftwareDevelopment,SoftwareEngineering
SoftwareTesting,SOLIDPrinciple,Sort,SortAlgorithms,SortedSet,Specification,SpringBatch,SpringFramework,SpringFramework,SpringFramework,SpringJDBCTemplate
SpringMVC,SQL,SQLQuery,StableAbstraction,StableDependency,Stack,Stack,StackTrace,StackOverflowError,StampCoupling,startup,Starvation,State,StatefulSessionBeans
StatelessSessionBeans,Statemachine,Diagram,Static,StaticCollection,StaticCollection,StructuralDiagram,Stubs,Subclass,subquery,Subscriber,subversion,subversionrepository
Superclass,surefiremavenplugin,SurvivorGeneration,SVN,svncheckout,svnclient,svntools,svnadmin,svnlook,Synchronization,Synchronized,Synchronized,tablegenerator
tableperclass,tableperconcreteclass,tags,TaskQueue,taskqueue,Tcl,TenuredGeneration,Terminated,test,TestCase,TestCaseSetup,TestCaseTearDown,TestDependency
TestDrivenDevelopment,TestDrivenDevelopment,TestNG,TestPlan,TestResult,TestRunner,TestScenario,TestSuite,Testing,Testing,TestingProcess,ThirdGenerationLanguage
Thread	Thread	ThreadDump	ThreadLifecycleThreadLocalStorage,ThreadOperations,ThreadPool,ThreadPriority,ThreadSafety,TimedWaiting,TimerTask,TimingDiagram
Tomcat,Topic,TopLink,trafficsplitting,Transaction,TransactionIsolationLevel,transactions,transientfields,transientobjects,TreeSet,Trie,TroubleshootingTools
trunk,TryCatch,TypesofTesting,UML,UMLDiagram,unidirectionalassociation,UnitTestCase,UnitTesting,UnitTesting,UnorderedCollection,Update,update,urlfetch
UseCaseDiagram,UtilityPricing,Vector,VersionControl,VerticalScaling,VirtualMachine,Virtualization,VMWare,Volatile,Volatile,Wait,Waiting,War,War,Waterfall
WeakReference,WebApp,WebApplication,WebApplicationDevelopment,WebContainer,WebContainer,WebServer,WebServer,WebService,WebServiceTools,WebServices,Weblogic
Websphere,WhiteBoxTesting,WhiteboxTesting,WindowsAzure,workingcopy,workingcopy,WSDL,WSDLGenerator,Wsgen,Wsgen,Wsimport,Wsimport,Xjc,XML,XMLBinding,XMLSchema
XPath,XSD,XSL,XSLT,YahooMail,Yield,YoungGeneration,Zoho